titre,artiste,sample
Numb,Linkin Park,numb.mp3
The Sound of Silence,Simon and Garfunkel,soundofsilence.mp3
Bohemian Rhapsody,Queen,queen.mp3
Lose Yourself,Eminem,eminem.mp3
bad guy,Billie Eilish,badguy.mp3
A Nos Actes Manques,Jean-Jacques Goldman,jjg.mp3
Lonely Day,System of a Down,lonelyday.mp3
Tourner Dans Le Vide,Indila,indila.mp3
Unstoppable,Sia,sia.mp3
Heathens,Twenty One Pilots,21.mp3
All Star,Smash Mouth,allstar.mp3
Never Gonna Give You Up,Rick Astley,astley.mp3
L'Horloge Tourne,Mickael Miro,miro.mp3
Roar,Katy Perry,roar.mp3
Savoir Aimer,Florent Pagny,pagny.mp3
Tous Les Memes,Stromae,stromae.mp3
Wrecking Ball,Miley Cyrus,cyrus.mp3
Viva la Vida,Coldplay,coldplay.mp3
Bad Day,Daniel Powter,badday.mp3
Ta mariniere,Hoshi,hoshi.mp3
Somewhere Only We Know,Keane,keane.mp3
Tout Oublier,Angele,angele.mp3
Seul,Garou,seul.mp3
My Heart Will Go On,Celine Dion,dion.mp3
Enemy,Imagine Dragons,enemy.mp3
99 Luftballons,Nena,nena.mp3
Mamma Mia,ABBA,abba.mp3
Eve leve-toi,Julie Pietri,eve.mp3
L'Envie,Johnny Hallyday,johnny.mp3
Can't Help Falling in Love,Elvis Presley,elvis.mp3
Feeling Good,Nina Simone,feelinggood.mp3
Imagine,John Lennon,imagine.mp3
Toxic,Britney Spears,toxic.mp3